{"cameraMode":{"drawMode":0,"name":"Shaded","section":"Shading Mode"},"sceneLighting":true,"audioPlay":false,"sceneViewState":{"m_AlwaysRefresh":false,"showFog":true,"showSkybox":true,"showFlares":true,"showImageEffects":true,"showParticleSystems":true,"showVisualEffectGraphs":true,"m_FxEnabled":true},"in2DMode":false,"pivot":{"x":-121.26300048828125,"y":925.8130493164063,"z":-4101.8212890625},"rotation":{"x":-0.000032028172427089885,"y":0.9998412728309631,"z":-0.0018093197140842677,"w":-0.017698274925351144},"size":4163.4208984375,"orthographic":false}