{"cameraMode":{"drawMode":0,"name":"Shaded","section":"Shading Mode"},"sceneLighting":true,"audioPlay":false,"sceneViewState":{"m_AlwaysRefresh":false,"showFog":true,"showSkybox":true,"showFlares":true,"showImageEffects":true,"showParticleSystems":true,"showVisualEffectGraphs":true,"m_FxEnabled":true},"in2DMode":false,"pivot":{"x":621.9029541015625,"y":1051.5523681640625,"z":-679.4517822265625},"rotation":{"x":0.011955861002206803,"y":-0.0853896215558052,"z":0.0010246977908536792,"w":0.996274471282959},"size":1172.640869140625,"orthographic":true}